program,country,year,n,status,website,description
program 1,Nepal,2015,4500,pending,https://example.com,"Flibberjibber sproinkled the glormpf, as zibberwibbles flurpulated. Quibblyflop zibberdoozle, snarfleblat woogledoo frammistat. Yarglefloof splooshnuggets, squibberwonk blopplethorpe gleebledorf. Banglewoozle grobblefritz, strimblewib smorgleflarf zabbledoo."
program 2,India,2015,3000,active,https://example.com,"Flibberjibber sproinkled the glormpf, as zibberwibbles flurpulated. Quibblyflop zibberdoozle, snarfleblat woogledoo frammistat. Yarglefloof splooshnuggets, squibberwonk blopplethorpe gleebledorf. Banglewoozle grobblefritz, strimblewib smorgleflarf zabbledoo."
program 3,Bangladesh,2015,2355,active,https://example.com,"Flibberjibber sproinkled the glormpf, as zibberwibbles flurpulated. Quibblyflop zibberdoozle, snarfleblat woogledoo frammistat. Yarglefloof splooshnuggets, squibberwonk blopplethorpe gleebledorf. Banglewoozle grobblefritz, strimblewib smorgleflarf zabbledoo."
program 4,France,2016,21678,active,https://example.com,"Flibberjibber sproinkled the glormpf, as zibberwibbles flurpulated. Quibblyflop zibberdoozle, snarfleblat woogledoo frammistat. Yarglefloof splooshnuggets, squibberwonk blopplethorpe gleebledorf. Banglewoozle grobblefritz, strimblewib smorgleflarf zabbledoo."
program 5,Norway,2016,3969,active,https://example.com,"Flibberjibber sproinkled the glormpf, as zibberwibbles flurpulated. Quibblyflop zibberdoozle, snarfleblat woogledoo frammistat. Yarglefloof splooshnuggets, squibberwonk blopplethorpe gleebledorf. Banglewoozle grobblefritz, strimblewib smorgleflarf zabbledoo."
program 6,Sweden,2016,39290,active,https://example.com,"Flibberjibber sproinkled the glormpf, as zibberwibbles flurpulated. Quibblyflop zibberdoozle, snarfleblat woogledoo frammistat. Yarglefloof splooshnuggets, squibberwonk blopplethorpe gleebledorf. Banglewoozle grobblefritz, strimblewib smorgleflarf zabbledoo."
program 7,Mexico,2017,49532,active,https://example.com,"Flibberjibber sproinkled the glormpf, as zibberwibbles flurpulated. Quibblyflop zibberdoozle, snarfleblat woogledoo frammistat. Yarglefloof splooshnuggets, squibberwonk blopplethorpe gleebledorf. Banglewoozle grobblefritz, strimblewib smorgleflarf zabbledoo."
program 8,Kenya,2017,9392,active,https://example.com,"Flibberjibber sproinkled the glormpf, as zibberwibbles flurpulated. Quibblyflop zibberdoozle, snarfleblat woogledoo frammistat. Yarglefloof splooshnuggets, squibberwonk blopplethorpe gleebledorf. Banglewoozle grobblefritz, strimblewib smorgleflarf zabbledoo."
program 9,Tanzania,2018,29396,active,https://example.com,"Flibberjibber sproinkled the glormpf, as zibberwibbles flurpulated. Quibblyflop zibberdoozle, snarfleblat woogledoo frammistat. Yarglefloof splooshnuggets, squibberwonk blopplethorpe gleebledorf. Banglewoozle grobblefritz, strimblewib smorgleflarf zabbledoo."
program 10,Sri Lanka,2018,2912,active,https://example.com,"Flibberjibber sproinkled the glormpf, as zibberwibbles flurpulated. Quibblyflop zibberdoozle, snarfleblat woogledoo frammistat. Yarglefloof splooshnuggets, squibberwonk blopplethorpe gleebledorf. Banglewoozle grobblefritz, strimblewib smorgleflarf zabbledoo."
program 11,Australia,2019,3245,active,https://example.com,"Flibberjibber sproinkled the glormpf, as zibberwibbles flurpulated. Quibblyflop zibberdoozle, snarfleblat woogledoo frammistat. Yarglefloof splooshnuggets, squibberwonk blopplethorpe gleebledorf. Banglewoozle grobblefritz, strimblewib smorgleflarf zabbledoo."
program 12,Canada,2020,3942,active,https://example.com,"Flibberjibber sproinkled the glormpf, as zibberwibbles flurpulated. Quibblyflop zibberdoozle, snarfleblat woogledoo frammistat. Yarglefloof splooshnuggets, squibberwonk blopplethorpe gleebledorf. Banglewoozle grobblefritz, strimblewib smorgleflarf zabbledoo."
program 13,Romania,2020,3910,active,https://example.com,"Flibberjibber sproinkled the glormpf, as zibberwibbles flurpulated. Quibblyflop zibberdoozle, snarfleblat woogledoo frammistat. Yarglefloof splooshnuggets, squibberwonk blopplethorpe gleebledorf. Banglewoozle grobblefritz, strimblewib smorgleflarf zabbledoo."
program 14,Spain,2021,129512,active,https://example.com,"Flibberjibber sproinkled the glormpf, as zibberwibbles flurpulated. Quibblyflop zibberdoozle, snarfleblat woogledoo frammistat. Yarglefloof splooshnuggets, squibberwonk blopplethorpe gleebledorf. Banglewoozle grobblefritz, strimblewib smorgleflarf zabbledoo."
program 15,Ecuador,2022,933,active,https://example.com,"Flibberjibber sproinkled the glormpf, as zibberwibbles flurpulated. Quibblyflop zibberdoozle, snarfleblat woogledoo frammistat. Yarglefloof splooshnuggets, squibberwonk blopplethorpe gleebledorf. Banglewoozle grobblefritz, strimblewib smorgleflarf zabbledoo."
program 16,Brazil,2022,9311,active,https://example.com,"Flibberjibber sproinkled the glormpf, as zibberwibbles flurpulated. Quibblyflop zibberdoozle, snarfleblat woogledoo frammistat. Yarglefloof splooshnuggets, squibberwonk blopplethorpe gleebledorf. Banglewoozle grobblefritz, strimblewib smorgleflarf zabbledoo."